{"cameraMode":{"drawMode":0,"name":"Shaded","section":"Shading Mode"},"sceneLighting":true,"audioPlay":false,"sceneViewState":{"showFog":true,"showMaterialUpdate":false,"showSkybox":true,"showFlares":true,"showImageEffects":true,"showParticleSystems":true},"in2DMode":false,"pivot":{"x":-5.856328010559082,"y":0.5488282442092896,"z":3.9094295501708986},"rotation":{"x":0.25655707716941836,"y":-0.2367827147245407,"z":0.06554365158081055,"w":0.9351532459259033},"size":32.43665313720703,"orthographic":true}