{"cameraMode":{"drawMode":0,"name":"Shaded","section":"Shading Mode"},"sceneLighting":true,"audioPlay":false,"sceneViewState":{"showFog":true,"showMaterialUpdate":false,"showSkybox":true,"showFlares":true,"showImageEffects":true,"showParticleSystems":true},"in2DMode":false,"pivot":{"x":9.378506660461426,"y":14.999192237854004,"z":-41.89338684082031},"rotation":{"x":-0.22257573902606965,"y":-0.03295788913965225,"z":0.005499979015439749,"w":-0.9748984575271606},"size":6.221351623535156,"orthographic":false}